"source_url","checksum_sha256","raw_path","curated_path","site_mirror_path","status","notes"
"https://images.squarespace-cdn.com/content/v1/67acef470f284a71a0d735e3/1739467803082-SHQDTIBI5H9USEYIRU81/unsplash-image-OP6VenunZ7U.jpg","39c2faa930e5c8d06103b98ec625504f6011ecc178ca395aef8b32b2c0e058eb","public\imports\guardians-of-ganja\raw\images.squarespace-cdn.com\content\v1\67acef470f284a71a0d735e3\1739467803082-SHQDTIBI5H9USEYIRU81\unsplash-image-OP6VenunZ7U.jpg","public/assets/guardians-of-ganja/images/unsplash-image-op6venunz7u-39c2faa930.jpg","site/assets/img/curated/unsplash-image-op6venunz7u-39c2faa930.jpg","curated",""
"https://images.squarespace-cdn.com/content/v1/67acef470f284a71a0d735e3/1739903412114-JX4G6NH4CT3E9FT0ZBOK/unsplash-image-U9E423m3Hd8.jpg","eef51df547e049b2472b2aaa4490f068456a68ce06247ac5a635fe89992c60d4","public\imports\guardians-of-ganja\raw\images.squarespace-cdn.com\content\v1\67acef470f284a71a0d735e3\1739903412114-JX4G6NH4CT3E9FT0ZBOK\unsplash-image-U9E423m3Hd8.jpg","public/assets/guardians-of-ganja/images/unsplash-image-u9e423m3hd8-eef51df547.jpg","site/assets/img/curated/unsplash-image-u9e423m3hd8-eef51df547.jpg","curated",""
"https://images.squarespace-cdn.com/content/v1/67acef470f284a71a0d735e3/1739903565707-FBA3XOQCDH722BUL9NQ7/unsplash-image-gpUfeofd-5E.jpg","1dc8c52431d7e5cab8e3596dbb8fbe7b86e7572d7e8636f34ff807f05bf1e65c","public\imports\guardians-of-ganja\raw\images.squarespace-cdn.com\content\v1\67acef470f284a71a0d735e3\1739903565707-FBA3XOQCDH722BUL9NQ7\unsplash-image-gpUfeofd-5E.jpg","public/assets/guardians-of-ganja/images/unsplash-image-gpufeofd-5e-1dc8c52431.jpg","site/assets/img/curated/unsplash-image-gpufeofd-5e-1dc8c52431.jpg","curated",""
"https://images.squarespace-cdn.com/content/v1/67acef470f284a71a0d735e3/1739904031144-IPVGO31RDOWFESLZLJ9R/unsplash-image-uuBQKdQhaWk.jpg","e139387d66e4c2b13de20c8525972cace234c6dd13d93a22245dd39f0dfa0c68","public\imports\guardians-of-ganja\raw\images.squarespace-cdn.com\content\v1\67acef470f284a71a0d735e3\1739904031144-IPVGO31RDOWFESLZLJ9R\unsplash-image-uuBQKdQhaWk.jpg","public/assets/guardians-of-ganja/images/unsplash-image-uubqkdqhawk-e139387d66.jpg","site/assets/img/curated/unsplash-image-uubqkdqhawk-e139387d66.jpg","curated",""
"https://images.squarespace-cdn.com/content/v1/67acef470f284a71a0d735e3/1739903659253-Z3INW2FK9EVNJ672JYEH/unsplash-image-Bu6BSErSL_M.jpg","d79b4e57ba5a71cf86bfefdf78699b421f1c2c6ca43bba662cc891003595bad6","public\imports\guardians-of-ganja\raw\images.squarespace-cdn.com\content\v1\67acef470f284a71a0d735e3\1739903659253-Z3INW2FK9EVNJ672JYEH\unsplash-image-Bu6BSErSL_M.jpg","public/assets/guardians-of-ganja/images/unsplash-image-bu6bsersl-m-d79b4e57ba.jpg","site/assets/img/curated/unsplash-image-bu6bsersl-m-d79b4e57ba.jpg","curated",""
"https://images.squarespace-cdn.com/content/v1/67acef470f284a71a0d735e3/1739903686654-8ZVZJNYCEBPT4LSK1J14/unsplash-image-wCo9UwZEa18.jpg","a8bb0d1ac838b97528ba6c3847c1c5e101938a524ccd2a70eaed3e4f56b3ee16","public\imports\guardians-of-ganja\raw\images.squarespace-cdn.com\content\v1\67acef470f284a71a0d735e3\1739903686654-8ZVZJNYCEBPT4LSK1J14\unsplash-image-wCo9UwZEa18.jpg","public/assets/guardians-of-ganja/images/unsplash-image-wco9uwzea18-a8bb0d1ac8.jpg","site/assets/img/curated/unsplash-image-wco9uwzea18-a8bb0d1ac8.jpg","curated",""
"https://images.squarespace-cdn.com/content/v1/67acef470f284a71a0d735e3/1739903718325-OQ1EBM0YOVNCESAWN92I/unsplash-image-3vlGNkDep4E.jpg","5b201b76d41a13f939f711874598baa5fa217aa75b1cd462ce13b1eb31be31b4","public\imports\guardians-of-ganja\raw\images.squarespace-cdn.com\content\v1\67acef470f284a71a0d735e3\1739903718325-OQ1EBM0YOVNCESAWN92I\unsplash-image-3vlGNkDep4E.jpg","public/assets/guardians-of-ganja/images/unsplash-image-3vlgnkdep4e-5b201b76d4.jpg","site/assets/img/curated/unsplash-image-3vlgnkdep4e-5b201b76d4.jpg","curated",""
"https://images.squarespace-cdn.com/content/v1/67acef470f284a71a0d735e3/1739903752584-I1QS0YP79GN5JOVHRYA7/unsplash-image-cIOwoljvd_Q.jpg","f93e1acb8c940cca905cabcc35b489179bf627e1af302e7616629c79ff235533","public\imports\guardians-of-ganja\raw\images.squarespace-cdn.com\content\v1\67acef470f284a71a0d735e3\1739903752584-I1QS0YP79GN5JOVHRYA7\unsplash-image-cIOwoljvd_Q.jpg","public/assets/guardians-of-ganja/images/unsplash-image-ciowoljvd-q-f93e1acb8c.jpg","site/assets/img/curated/unsplash-image-ciowoljvd-q-f93e1acb8c.jpg","curated",""
"https://images.squarespace-cdn.com/content/v1/67acef470f284a71a0d735e3/1739903788730-O1HOQTN3GC2KY4RFOI5X/unsplash-image-9T6W31pUG0s.jpg","7ea518634a1faab32eb841fdf14b2f1ee46e126e255b33b1e56f9beea9a09d37","public\imports\guardians-of-ganja\raw\images.squarespace-cdn.com\content\v1\67acef470f284a71a0d735e3\1739903788730-O1HOQTN3GC2KY4RFOI5X\unsplash-image-9T6W31pUG0s.jpg","public/assets/guardians-of-ganja/images/unsplash-image-9t6w31pug0s-7ea518634a.jpg","site/assets/img/curated/unsplash-image-9t6w31pug0s-7ea518634a.jpg","curated",""
"https://images.squarespace-cdn.com/content/v1/67acef470f284a71a0d735e3/1739903821707-SZYM6TKEX88MEY25G098/unsplash-image-7qgVeNsC-nw.jpg","a65be7f4763d9a51dd341bea459e0381fe6486255a3c3f8d2d311dc2fca193cb","public\imports\guardians-of-ganja\raw\images.squarespace-cdn.com\content\v1\67acef470f284a71a0d735e3\1739903821707-SZYM6TKEX88MEY25G098\unsplash-image-7qgVeNsC-nw.jpg","public/assets/guardians-of-ganja/images/unsplash-image-7qgvensc-nw-a65be7f476.jpg","site/assets/img/curated/unsplash-image-7qgvensc-nw-a65be7f476.jpg","curated",""
"https://images.squarespace-cdn.com/content/v1/67acef470f284a71a0d735e3/1739903944071-K6CEF1K5DPKQ4894JGRG/unsplash-image-fIHozNWfcvs.jpg","07be1295358cbc954d3b440d4a70c50c59dd18458d3d5018b603c94c07ea05fa","public\imports\guardians-of-ganja\raw\images.squarespace-cdn.com\content\v1\67acef470f284a71a0d735e3\1739903944071-K6CEF1K5DPKQ4894JGRG\unsplash-image-fIHozNWfcvs.jpg","public/assets/guardians-of-ganja/images/unsplash-image-fihoznwfcvs-07be129535.jpg","site/assets/img/curated/unsplash-image-fihoznwfcvs-07be129535.jpg","curated",""
"https://images.squarespace-cdn.com/content/v1/67acef470f284a71a0d735e3/2dd86564-46b0-4fb1-9599-8ee16b024566/Untitled+design.jpg","a77705dc092a1e5d96ccc12cfd1e00ca3a8b3709fe393037fe6a56dd4936340f","public\imports\guardians-of-ganja\raw\images.squarespace-cdn.com\content\v1\67acef470f284a71a0d735e3\2dd86564-46b0-4fb1-9599-8ee16b024566\Untitled-design.jpg","public/assets/guardians-of-ganja/images/untitled-design-a77705dc09.jpg","site/assets/img/curated/untitled-design-a77705dc09.jpg","curated",""
"https://images.squarespace-cdn.com/content/v1/67acef470f284a71a0d735e3/1739662881248-OCGBTBRXUMYR2JUYMEJL/unsplash-image-_k6g3qSnYIo.jpg","1c978f12ed5094be9758789bb4851a5af4bc5040c4b0f032f62fda2a07d1f0ed","public\imports\guardians-of-ganja\raw\images.squarespace-cdn.com\content\v1\67acef470f284a71a0d735e3\1739662881248-OCGBTBRXUMYR2JUYMEJL\unsplash-image-_k6g3qSnYIo.jpg","public/assets/guardians-of-ganja/images/unsplash-image--k6g3qsnyio-1c978f12ed.jpg","site/assets/img/curated/unsplash-image--k6g3qsnyio-1c978f12ed.jpg","curated",""
"https://images.squarespace-cdn.com/content/v1/67acef470f284a71a0d735e3/1739900479368-4XFNINB9X4R23H6R53ZA/unsplash-image-oTvU7Zmteic.jpg","fb859f8d27cd0e5a9aded91cc7aa4f69efd44aa84b1b52ee0e4cfd30eefe84c4","public\imports\guardians-of-ganja\raw\images.squarespace-cdn.com\content\v1\67acef470f284a71a0d735e3\1739900479368-4XFNINB9X4R23H6R53ZA\unsplash-image-oTvU7Zmteic.jpg","public/assets/guardians-of-ganja/images/unsplash-image-otvu7zmteic-fb859f8d27.jpg","site/assets/img/curated/unsplash-image-otvu7zmteic-fb859f8d27.jpg","curated",""
"https://images.squarespace-cdn.com/content/v1/67acef470f284a71a0d735e3/1739901601279-JVW05E0GH49E35OBRPIF/unsplash-image-iCHacuW8BcI.jpg","432ea58b3d3eb586bd0e258b924a6b0136aa7eab6f13c8af7d1bc16e606696bb","public\imports\guardians-of-ganja\raw\images.squarespace-cdn.com\content\v1\67acef470f284a71a0d735e3\1739901601279-JVW05E0GH49E35OBRPIF\unsplash-image-iCHacuW8BcI.jpg","public/assets/guardians-of-ganja/images/unsplash-image-ichacuw8bci-432ea58b3d.jpg","site/assets/img/curated/unsplash-image-ichacuw8bci-432ea58b3d.jpg","curated",""
"https://images.squarespace-cdn.com/content/v1/67acef470f284a71a0d735e3/1739900961734-J2LJEDTVAP1OC61GH79S/unsplash-image-5_RWUakFIfE.jpg","1533b96d2fbaab09588732420d7b6be2e03fc0470cfd9c352d7276ff1f223e03","public\imports\guardians-of-ganja\raw\images.squarespace-cdn.com\content\v1\67acef470f284a71a0d735e3\1739900961734-J2LJEDTVAP1OC61GH79S\unsplash-image-5_RWUakFIfE.jpg","public/assets/guardians-of-ganja/images/unsplash-image-5-rwuakfife-1533b96d2f.jpg","site/assets/img/curated/unsplash-image-5-rwuakfife-1533b96d2f.jpg","curated",""
"https://images.squarespace-cdn.com/content/v1/67acef470f284a71a0d735e3/1739901586498-MOX91GS9PPN7RMOGFZXV/unsplash-image-FIOiHwB71_k.jpg","9d44d9400a7b58f33795387d082059191aa91346f73bb984e58101ff00a91374","public\imports\guardians-of-ganja\raw\images.squarespace-cdn.com\content\v1\67acef470f284a71a0d735e3\1739901586498-MOX91GS9PPN7RMOGFZXV\unsplash-image-FIOiHwB71_k.jpg","public/assets/guardians-of-ganja/images/unsplash-image-fioihwb71-k-9d44d9400a.jpg","site/assets/img/curated/unsplash-image-fioihwb71-k-9d44d9400a.jpg","curated",""
"https://images.squarespace-cdn.com/content/v1/67acef470f284a71a0d735e3/1739901016627-C0VJW3P28K2LETM9N2JC/unsplash-image-b6fns2kOFsk.jpg","d28ecd271e498ea67cea596c1f6f5766baed530583f112839461b216c3a937e6","public\imports\guardians-of-ganja\raw\images.squarespace-cdn.com\content\v1\67acef470f284a71a0d735e3\1739901016627-C0VJW3P28K2LETM9N2JC\unsplash-image-b6fns2kOFsk.jpg","public/assets/guardians-of-ganja/images/unsplash-image-b6fns2kofsk-d28ecd271e.jpg","site/assets/img/curated/unsplash-image-b6fns2kofsk-d28ecd271e.jpg","curated",""
"https://images.squarespace-cdn.com/content/v1/67acef470f284a71a0d735e3/1739901492419-CGI2PQ7H0CAUDRRAN1SB/unsplash-image-lVLd6z5oVy8.jpg","f7535e943496ec429a0c7c853716b3b8b20017ff0486436cc4474b443af040e4","public\imports\guardians-of-ganja\raw\images.squarespace-cdn.com\content\v1\67acef470f284a71a0d735e3\1739901492419-CGI2PQ7H0CAUDRRAN1SB\unsplash-image-lVLd6z5oVy8.jpg","public/assets/guardians-of-ganja/images/unsplash-image-lvld6z5ovy8-f7535e9434.jpg","site/assets/img/curated/unsplash-image-lvld6z5ovy8-f7535e9434.jpg","curated",""
"https://images.squarespace-cdn.com/content/v1/67acef470f284a71a0d735e3/05272842-47e3-48f4-bebe-9417c6482db1/image0+%282%29.jpeg","f55c83ac08bbaefe46e00d30aa22a3d8b8bd4800f6ae7b14f9fbfec60d517f1c","public\imports\guardians-of-ganja\raw\images.squarespace-cdn.com\content\v1\67acef470f284a71a0d735e3\05272842-47e3-48f4-bebe-9417c6482db1\image0--282-29.jpeg","public/assets/guardians-of-ganja/images/image0-282-29-f55c83ac08.jpg","site/assets/img/curated/image0-282-29-f55c83ac08.jpg","curated",""
"https://images.squarespace-cdn.com/content/v1/67acef470f284a71a0d735e3/53aea6b6-2f31-4f9a-af4f-ad0937770323/image1.jpeg","1334cd6641afe8d6d0009b89a6950e37af12f298851f174600da5e2321540265","public\imports\guardians-of-ganja\raw\images.squarespace-cdn.com\content\v1\67acef470f284a71a0d735e3\53aea6b6-2f31-4f9a-af4f-ad0937770323\image1.jpeg","public/assets/guardians-of-ganja/images/image1-1334cd6641.jpg","site/assets/img/curated/image1-1334cd6641.jpg","curated",""
"https://images.squarespace-cdn.com/content/v1/67acef470f284a71a0d735e3/a1af5386-8add-41dd-86d9-12302244e453/image4.jpeg","71ab402c49015992335946fd9ccdd785bcf84d966915307bcfd75807ecf06a1a","public\imports\guardians-of-ganja\raw\images.squarespace-cdn.com\content\v1\67acef470f284a71a0d735e3\a1af5386-8add-41dd-86d9-12302244e453\image4.jpeg","public/assets/guardians-of-ganja/images/image4-71ab402c49.jpg","site/assets/img/curated/image4-71ab402c49.jpg","curated",""
"https://images.squarespace-cdn.com/content/v1/67acef470f284a71a0d735e3/7b73f5d8-be63-483c-938e-d5218cfbd663/image3.jpeg","b55cf731a5b39ee9c7a01ec0bd69b9c27e07d7510de2854f921a3fbd6bb53c66","public\imports\guardians-of-ganja\raw\images.squarespace-cdn.com\content\v1\67acef470f284a71a0d735e3\7b73f5d8-be63-483c-938e-d5218cfbd663\image3.jpeg","public/assets/guardians-of-ganja/images/image3-b55cf731a5.jpg","site/assets/img/curated/image3-b55cf731a5.jpg","curated",""
"https://images.squarespace-cdn.com/content/v1/67acef470f284a71a0d735e3/1765235947213-739M0SNQFNXR528AR8VG/image2.jpg","a5ff439d02b42fab5d72478af15646ca1ab700e70206d0e8d330f52d95961249","public\imports\guardians-of-ganja\raw\images.squarespace-cdn.com\content\v1\67acef470f284a71a0d735e3\1765235947213-739M0SNQFNXR528AR8VG\image2.jpg","public/assets/guardians-of-ganja/images/image2-a5ff439d02.jpg","site/assets/img/curated/image2-a5ff439d02.jpg","curated",""
"https://images.squarespace-cdn.com/content/v1/67acef470f284a71a0d735e3/dac8d60b-7651-401d-a419-7ce214ee6fb8/image0+%281%29.jpeg","188686a4a38c88f6d932aa14024b83c82cf85f6258a7f12df56934be94394056","public\imports\guardians-of-ganja\raw\images.squarespace-cdn.com\content\v1\67acef470f284a71a0d735e3\dac8d60b-7651-401d-a419-7ce214ee6fb8\image0--281-29.jpeg","public/assets/guardians-of-ganja/images/image0-281-29-188686a4a3.jpg","site/assets/img/curated/image0-281-29-188686a4a3.jpg","curated",""
"https://images.squarespace-cdn.com/content/v1/67acef470f284a71a0d735e3/90a6ec4c-99d3-4e6f-a657-2c9c1158d3db/image0+%283%29.jpeg","e051ae6e1a75063aa9acca174b588c481ca25561acbff38824326e8d245facbf","public\imports\guardians-of-ganja\raw\images.squarespace-cdn.com\content\v1\67acef470f284a71a0d735e3\90a6ec4c-99d3-4e6f-a657-2c9c1158d3db\image0--283-29.jpeg","public/assets/guardians-of-ganja/images/image0-283-29-e051ae6e1a.jpg","site/assets/img/curated/image0-283-29-e051ae6e1a.jpg","curated",""
"https://images.squarespace-cdn.com/content/v1/67acef470f284a71a0d735e3/e2f72370-9280-42c5-92e3-c7d75cb3730c/IMG_2661.jpg","fc757dad7bc2862fc615ca8b5f654b3e3940ba6ea98b448e6b6f2c1f257cbf55","public\imports\guardians-of-ganja\raw\images.squarespace-cdn.com\content\v1\67acef470f284a71a0d735e3\e2f72370-9280-42c5-92e3-c7d75cb3730c\IMG_2661.jpg","public/assets/guardians-of-ganja/images/img-2661-fc757dad7b.jpg","site/assets/img/curated/img-2661-fc757dad7b.jpg","curated",""
"https://images.squarespace-cdn.com/content/v1/67acef470f284a71a0d735e3/1765235924961-44RXQZ20MEFMSPW3LMLC/0CC084A3-FC6C-440F-96F3-2B2109519EDE.png","75eb4495a8be0a22a81ec2bd9ac565ac510ed2c8535f0ec6ebef7bef87dcef63","public\imports\guardians-of-ganja\raw\images.squarespace-cdn.com\content\v1\67acef470f284a71a0d735e3\1765235924961-44RXQZ20MEFMSPW3LMLC\0CC084A3-FC6C-440F-96F3-2B2109519EDE.png","public/assets/guardians-of-ganja/images/0cc084a3-fc6c-440f-96f3-2b2109519ede-75eb4495a8.png","site/assets/img/curated/0cc084a3-fc6c-440f-96f3-2b2109519ede-75eb4495a8.png","curated",""
"https://images.squarespace-cdn.com/content/v1/67acef470f284a71a0d735e3/dba8057d-4687-417b-83f9-ec026aefa312/IMG_2571.jpg","919410c38aeeabf906ec978e222e9a9faac1a58620a1afd2cccf3da82a6afede","public\imports\guardians-of-ganja\raw\images.squarespace-cdn.com\content\v1\67acef470f284a71a0d735e3\dba8057d-4687-417b-83f9-ec026aefa312\IMG_2571.jpg","public/assets/guardians-of-ganja/images/img-2571-919410c38a.jpg","site/assets/img/curated/img-2571-919410c38a.jpg","curated",""
"https://images.squarespace-cdn.com/content/v1/67acef470f284a71a0d735e3/1765235906889-GGPPWKZ1OCO2WGKDHBOZ/IMG_2592.png","cb85c857a3d9b9b7035fc8d6756b92ff30f5b9f1f2f90b224e557149ae1dd8bd","public\imports\guardians-of-ganja\raw\images.squarespace-cdn.com\content\v1\67acef470f284a71a0d735e3\1765235906889-GGPPWKZ1OCO2WGKDHBOZ\IMG_2592.png","public/assets/guardians-of-ganja/images/img-2592-cb85c857a3.png","site/assets/img/curated/img-2592-cb85c857a3.png","curated",""
"https://images.squarespace-cdn.com/content/v1/67acef470f284a71a0d735e3/3c71cac0-83c1-4e14-95e8-82336a49b2fa/IMG_1919.jpeg","e1f62f23f4eee57ff666035e3eb40969dea50191a72af189a748585fdc937062","public\imports\guardians-of-ganja\raw\images.squarespace-cdn.com\content\v1\67acef470f284a71a0d735e3\3c71cac0-83c1-4e14-95e8-82336a49b2fa\IMG_1919.jpeg","public/assets/guardians-of-ganja/images/img-1919-e1f62f23f4.jpg","site/assets/img/curated/img-1919-e1f62f23f4.jpg","curated",""
"https://images.squarespace-cdn.com/content/v1/67acef470f284a71a0d735e3/27adac1b-5d98-4fc8-aa74-5a0f8fe46eae/IMG_1917.jpeg","15615c6b911f5c0686cfb3242b4ca31b720718f3da1a8d547f48d4ba7784d3e4","public\imports\guardians-of-ganja\raw\images.squarespace-cdn.com\content\v1\67acef470f284a71a0d735e3\27adac1b-5d98-4fc8-aa74-5a0f8fe46eae\IMG_1917.jpeg","public/assets/guardians-of-ganja/images/img-1917-15615c6b91.jpg","site/assets/img/curated/img-1917-15615c6b91.jpg","curated",""
"https://images.squarespace-cdn.com/content/v1/67acef470f284a71a0d735e3/28d9431b-1d8e-4f5e-a146-ef1c78a5d5b1/IMG_1924.jpeg","1faa1b40407e59521f3c4b0be3c773aaca1baec44a9f6f98bc0fdd14628bfbab","public\imports\guardians-of-ganja\raw\images.squarespace-cdn.com\content\v1\67acef470f284a71a0d735e3\28d9431b-1d8e-4f5e-a146-ef1c78a5d5b1\IMG_1924.jpeg","public/assets/guardians-of-ganja/images/img-1924-1faa1b4040.jpg","site/assets/img/curated/img-1924-1faa1b4040.jpg","curated",""
"https://images.squarespace-cdn.com/content/v1/67acef470f284a71a0d735e3/77e6e7f3-3d3a-4430-9f43-3d7e0afc077f/IMG_1918.jpeg","b1b439ed8c7e18079919d72bddfdae2a65aa2b7cf119d460794e5bcd07fa91d3","public\imports\guardians-of-ganja\raw\images.squarespace-cdn.com\content\v1\67acef470f284a71a0d735e3\77e6e7f3-3d3a-4430-9f43-3d7e0afc077f\IMG_1918.jpeg","public/assets/guardians-of-ganja/images/img-1918-b1b439ed8c.jpg","site/assets/img/curated/img-1918-b1b439ed8c.jpg","curated",""
